<?xml version="1.0" encoding="UTF-8"?>
<cdtprojectproperties>
<section name="org.eclipse.cdt.internal.ui.wizards.settingswizards.IncludePaths">
<language name="holder for library settings">

</language>
<language name="Assembly">

</language>
<language name="GNU C++">

</language>
<language name="GNU C">
<includepath workspace_path="true">/ble_app_eddystone/build/include</includepath>
<includepath>${IDF_PATH}/components/esp32/include</includepath>
<includepath>${IDF_PATH}/components/freertos/include</includepath>
<includepath>${IDF_PATH}/components/log/include</includepath>
<includepath>${IDF_PATH}/components/mbedtls/include</includepath>
<includepath>${IDF_PATH}/components/nvs_flash/include</includepath>
<includepath>${IDF_PATH}/components/driver/include</includepath>
<includepath>${IDF_PATH}/components/spi_flash/include</includepath>
<includepath>${IDF_PATH}/components/lwip/include/lwip/</includepath>
<includepath>${IDF_PATH}/components/esp32</includepath>
<includepath>${IDF_PATH}/components/bt/include</includepath>
<includepath>${IDF_PATH}/components/bt/bluedroid/include</includepath>
<includepath>${IDF_PATH}/components/bt/bluedroid/device/include</includepath>
<includepath>${IDF_PATH}/components/bt/bluedroid/stack/include</includepath>
<includepath>${IDF_PATH}/components/bt/bluedroid/bta/include</includepath>
<includepath>${IDF_PATH}/components/bt/bluedroid/api/include</includepath>
<includepath>${IDF_PATH}/../xtensa-esp32-elf/xtensa-esp32-elf/include</includepath>
<includepath>${IDF_PATH}/../xtensa-esp32-elf/lib/gcc/xtensa-esp32-elf/5.2.0/include</includepath>
<includepath>${IDF_PATH}/components/micro-ecc/micro-ecc</includepath>

</language>
</section>
<section name="org.eclipse.cdt.internal.ui.wizards.settingswizards.Macros">
<language name="holder for library settings">

</language>
<language name="Assembly">

</language>
<language name="GNU C++">

</language>
<language name="GNU C">

</language>
</section>
</cdtprojectproperties>
